221117	1	新千歳空港駅 @ 北海道 221117	img/221117_004.jpeg	北海道
221117	2	サッポロビール博物館 @ 北海道 221117	img/221117_008.jpeg	北海道
221117	3	サッポロビール博物館 @ 北海道 221117	img/221117_009.jpeg	北海道
221117	4	サッポロビール博物館 @ 北海道 221117	img/221117_010.jpeg	北海道
221117	5	サッポロビール博物館 @ 北海道 221117	img/221117_011.jpeg	北海道
221117	6	サッポロビール博物館 @ 北海道 221117	img/221117_012.jpeg	北海道
221117	7	サッポロビール博物館 @ 北海道 221117	img/221117_013.jpeg	北海道
221117	8	サッポロビール博物館 @ 北海道 221117	img/221117_014.jpeg	北海道
221117	9	サッポロビール博物館 @ 北海道 221117	img/221117_015.jpeg	北海道
221117	10	ジンギスカン @ 北海道 221117	img/221117_005.jpeg	北海道
221117	11	ジンギスカン @ 北海道 221117	img/221117_006.jpeg	北海道
221117	12	北海道新幹線車内 @ 北海道 221117	img/221117_007.jpeg	北海道
221117	13	いかめし @ 北海道 221117	img/221117_002.jpeg	北海道
221117	14	いかめし @ 北海道 221117	img/221117_003.jpeg	北海道
221118	15	五稜郭 @ 北海道 221118	img/221118_017.jpeg	北海道
221118	16	函館から青森方面眺望 @ 北海道 221118	img/221118_022.jpeg	北海道
221118	17	箱館奉行所 @ 北海道 221118	img/221118_020.jpeg	北海道
221118	18	函館山 @ 北海道 221118	img/221118_018.jpeg	北海道
221118	19	函館山 @ 北海道 221118	img/221118_019.jpeg	北海道
221118	20	函館ラーメン @ 北海道 221118	img/221118_021.jpeg	北海道
221119	21	函館駅いわかっぱ @ 北海道 221119	img/221119_018.jpeg	北海道
221119	22	稚内行飛行機 @ 北海道 221119	img/221119_014.jpeg	北海道
221119	23	大雪山系上空 @ 北海道 221119	img/221119_015.jpeg	北海道
221119	24	稚内駅 @ 北海道 221119	img/221119_001.jpeg	北海道
221119	25	稚内駅 @ 北海道 221119	img/221119_002.jpeg	北海道
221119	26	稚内駅 @ 北海道 221119	img/221119_003.jpeg	北海道
221119	27	稚内駅 @ 北海道 221119	img/221119_004.jpeg	北海道
221119	28	稚内駅 @ 北海道 221119	img/221119_005.jpeg	北海道
221119	29	稚内駅 @ 北海道 221119	img/221119_006.jpeg	北海道
221119	30	稚内駅 @ 北海道 221119	img/221119_007.jpeg	北海道
221119	31	たこしゃぶ @ 北海道 221119	img/221119_016.jpeg	北海道
221119	32	北の防波堤ドーム @ 北海道 221119	img/221119_019.jpeg	北海道
221119	33	北の防波堤ドーム @ 北海道 221119	img/221119_020.jpeg	北海道
221119	34	宗谷岬 @ 北海道 221119	img/221119_008.jpeg	北海道
221119	35	宗谷岬 @ 北海道 221119	img/221119_009.jpeg	北海道
221119	36	樺太眺望 @ 北海道 221119	img/221119_010.jpeg	北海道
221119	37	稚内公園 @ 北海道 221119	img/221119_011.jpeg	北海道
221119	38	稚内公園 @ 北海道 221119	img/221119_012.jpeg	北海道
221119	39	稚内公園 @ 北海道 221119	img/221119_013.jpeg	北海道
221119	40	ほたてラーメン @ 北海道 221119	img/221119_017.jpeg	北海道
221120	41	札幌中央卸売市場 @ 北海道 221120	img/221120_008.jpeg	北海道
221120	42	ぼたんえびと貝の丼 @ 北海道 221120	img/221120_011.jpeg	北海道
221120	43	タラバガニ @ 北海道 221120	img/221120_006.jpeg	北海道
221120	44	タラバガニ @ 北海道 221120	img/221120_007.jpeg	北海道
221120	45	札幌時計台 @ 北海道 221120	img/221120_005.jpeg	北海道
221120	46	小樽市街 @ 北海道 221120	img/221120_001.jpeg	北海道
221120	47	小樽オルゴール堂 @ 北海道 221120	img/221120_010.jpeg	北海道
221120	48	小樽オルゴール堂 @ 北海道 221120	img/221120_009.jpeg	北海道
221120	49	日銀小樽支店金融資料館 @ 北海道 221120	img/221120_012.jpeg	北海道
221120	50	北一硝子 @ 北海道 221120	img/221120_002.jpeg	北海道
221120	51	小樽運河 @ 北海道 221120	img/221120_003.jpeg	北海道
221120	52	小樽運河 @ 北海道 221120	img/221120_004.jpeg	北海道
221121	53	網走監獄正門 @ 北海道 221121	img/221121_001.jpeg	北海道
221121	54	網走監獄木門 @ 北海道 221121	img/221121_002.jpeg	北海道
221121	55	網走監獄歴史館 @ 北海道 221121	img/221121_003.jpeg	北海道
221121	56	網走刑務所舎房 @ 北海道 221121	img/221121_004.jpeg	北海道
221121	57	網走監獄独居房 @ 北海道 221121	img/221121_005.jpeg	北海道
221121	58	網走監獄教誨堂 @ 北海道 221121	img/221121_006.jpeg	北海道
221121	59	網走監獄教誨堂 @ 北海道 221121	img/221121_007.jpeg	北海道
220609	60	利久牛タン定食 @ 宮城 220609	img/220609_001.jpeg	東北
221118	61	青森魚菜センター @ 青森 221118	img/221118_012.jpeg	東北
221118	62	のっけ丼 @ 青森 221118	img/221118_004.jpeg	東北
221118	63	旧青森駅復元 @ 青森 221118	img/221118_007.jpeg	東北
221118	64	津軽海峡冬景色歌碑 @ 青森 221118	img/221118_016.jpeg	東北
221118	65	八甲田丸 @ 青森 221118	img/221118_003.jpeg	東北
221118	66	八甲田丸 @ 青森 221118	img/221118_005.jpeg	東北
221118	67	八甲田丸 @ 青森 221118	img/221118_002.jpeg	東北
221118	68	八甲田丸 @ 青森 221118	img/221118_001.jpeg	東北
221118	69	可動桟橋跡 @ 青森 221118	img/221118_006.jpeg	東北
221118	70	津軽海峡眺望 @ 青森 221118	img/221118_011.jpeg	東北
221118	71	海上保安庁巡視船 @ 青森 221118	img/221118_013.jpeg	東北
221118	72	幸畑陸軍墓地 @ 青森 221118	img/221118_008.jpeg	東北
221118	73	幸畑陸軍墓地 @ 青森 221118	img/221118_009.jpeg	東北
221118	74	後藤伍長の像 @ 青森 221118	img/221118_010.jpeg	東北
221118	75	青森ぜいたく弁当 @ 青森 221118	img/221118_014.jpeg	東北
221118	76	青森ぜいたく弁当 @ 青森 221118	img/221118_015.jpeg	東北
211123	77	東京タワー @ 東京 211123	img/211123_001.jpeg	関東
211123	78	東京タワー @ 東京 211123	img/211123_002.jpeg	関東
220823	79	東京駅 @ 東京 220823	img/220823_002.jpeg	関東
220823	80	皇居 @ 東京 220823	img/220823_001.jpeg	関東
220823	81	皇居二重橋 @ 東京 220823	img/220823_003.jpeg	関東
220823	82	老辺餃子館 @ 東京 220823	img/220823_004.jpeg	関東
220823	83	老辺餃子館 @ 東京 220823	img/220823_005.jpeg	関東
220823	84	老辺餃子館 @ 東京 220823	img/220823_006.jpeg	関東
221115	85	富岡製糸場 @ 群馬 221115	img/221115_001.jpeg	関東
221115	86	富岡製糸場 @ 群馬 221115	img/221115_002.jpeg	関東
221115	87	おっきりこみ @ 群馬 221115	img/221115_003.jpeg	関東
221117	88	東京上空 @ 東京 221117	img/221117_001.jpeg	関東
221129	89	工場夜景 @ 千葉 221129	img/221129_001.jpeg	関東
221129	90	成田空港反対運動 @ 千葉 221129	img/221129_002.jpeg	関東
221129	91	成田空港反対運動 @ 千葉 221129	img/221129_003.jpeg	関東
221129	92	成田空港反対運動 @ 千葉 221129	img/221129_004.jpeg	関東
221129	93	成田空港反対運動 @ 千葉 221129	img/221129_005.jpeg	関東
221129	94	成田空港反対運動 @ 千葉 221129	img/221129_006.jpeg	関東
221201	95	日光東照宮 @ 栃木 221201	img/221201_001.jpeg	関東
221201	96	日光東照宮 @ 栃木 221201	img/221201_002.jpeg	関東
221201	97	日光東照宮 @ 栃木 221201	img/221201_003.jpeg	関東
221201	98	日光東照宮 @ 栃木 221201	img/221201_004.jpeg	関東
221201	99	日光東照宮 @ 栃木 221201	img/221201_005.jpeg	関東
221201	100	日光東照宮 @ 栃木 221201	img/221201_006.jpeg	関東
221201	101	日光東照宮 @ 栃木 221201	img/221201_007.jpeg	関東
221201	102	日光東照宮 @ 栃木 221201	img/221201_008.jpeg	関東
221201	103	みんみん宇都宮餃子 @ 栃木 221201	img/221201_020.jpeg	関東
221201	104	大宮鉄道博物館 @ 埼玉 221201	img/221201_015.jpeg	関東
221201	105	大宮鉄道博物館 @ 埼玉 221201	img/221201_009.jpeg	関東
221201	106	大宮鉄道博物館 @ 埼玉 221201	img/221201_012.jpeg	関東
221201	107	大宮鉄道博物館 @ 埼玉 221201	img/221201_013.jpeg	関東
221201	108	大宮鉄道博物館 @ 埼玉 221201	img/221201_014.jpeg	関東
221201	109	大宮鉄道博物館 @ 埼玉 221201	img/221201_016.jpeg	関東
221201	110	大宮鉄道博物館 @ 埼玉 221201	img/221201_017.jpeg	関東
221201	111	大宮鉄道博物館 @ 埼玉 221201	img/221201_018.jpeg	関東
221201	112	大宮鉄道博物館 @ 埼玉 221201	img/221201_019.jpeg	関東
221201	113	大宮鉄道博物館 @ 埼玉 221201	img/221201_010.jpeg	関東
221201	114	大宮鉄道博物館 @ 埼玉 221201	img/221201_011.jpeg	関東
221202	115	JAXA @ 茨城 221202	img/221202_001.jpeg	関東
221202	116	JAXA @ 茨城 221202	img/221202_002.jpeg	関東
221202	117	JAXA H-IIロケット @ 茨城 221202	img/221202_003.jpeg	関東
221202	118	JAXA 船内服 @ 茨城 221202	img/221202_008.jpeg	関東
221202	119	JAXA 船外服 @ 茨城 221202	img/221202_009.jpeg	関東
221202	120	JAXA 低圧設備 @ 茨城 221202	img/221202_010.jpeg	関東
221202	121	JAXA 閉鎖環境設備 @ 茨城 221202	img/221202_011.jpeg	関東
221202	122	JAXA 小動物飼育装置 @ 茨城 221202	img/221202_014.jpeg	関東
221202	123	JAXA 小型衛星放出機構 @ 茨城 221202	img/221202_015.jpeg	関東
221202	124	JAXA きぼう管制棟 @ 茨城 221202	img/221202_012.jpeg	関東
221202	125	JAXA 展示館 @ 茨城 221202	img/221202_005.jpeg	関東
221202	126	JAXA 展示館 @ 茨城 221202	img/221202_006.jpeg	関東
221202	127	JAXA 展示館 @ 茨城 221202	img/221202_007.jpeg	関東
221202	128	JAXA きぼう実寸大 @ 茨城 221202	img/221202_013.jpeg	関東
221202	129	JAXA 昼食 @ 茨城 221202	img/221202_004.jpeg	関東
200321	130	二条城 @ 京都 200321	img/200321_001.jpeg	近畿
200321	131	二条城 @ 京都 200321	img/200321_002.jpeg	近畿
200321	132	二条城 @ 京都 200321	img/200321_003.jpeg	近畿
200321	133	二条城 @ 京都 200321	img/200321_004.jpeg	近畿
200321	134	二条城 @ 京都 200321	img/200321_005.jpeg	近畿
200321	135	二条城 @ 京都 200321	img/200321_006.jpeg	近畿
200321	136	二条城 @ 京都 200321	img/200321_007.jpeg	近畿
200321	137	二条城 @ 京都 200321	img/200321_008.jpeg	近畿
200321	138	二条城 @ 京都 200321	img/200321_009.jpeg	近畿
200325	139	同志社 @ 京都 200325	img/200325_001.jpeg	近畿
200621	140	銀閣寺 @ 京都 200621	img/200621_001.jpeg	近畿
200621	141	銀閣寺 @ 京都 200621	img/200621_002.jpeg	近畿
200621	142	銀閣寺 @ 京都 200621	img/200621_003.jpeg	近畿
200621	143	銀閣寺 @ 京都 200621	img/200621_004.jpeg	近畿
200621	144	銀閣寺 @ 京都 200621	img/200621_005.jpeg	近畿
200621	145	銀閣寺 @ 京都 200621	img/200621_006.jpeg	近畿
200621	146	銀閣寺 @ 京都 200621	img/200621_007.jpeg	近畿
200712	147	伏見稲荷大社 @ 京都 200712	img/200712_001.jpeg	近畿
200712	148	伏見稲荷大社 @ 京都 200712	img/200712_002.jpeg	近畿
200712	149	伏見稲荷大社 @ 京都 200712	img/200712_003.jpeg	近畿
200712	150	伏見稲荷大社 @ 京都 200712	img/200712_004.jpeg	近畿
200712	151	伏見稲荷大社 @ 京都 200712	img/200712_005.jpeg	近畿
200712	152	伏見稲荷大社 @ 京都 200712	img/200712_006.jpeg	近畿
200712	153	伏見稲荷大社 @ 京都 200712	img/200712_007.jpeg	近畿
200712	154	伏見稲荷大社 @ 京都 200712	img/200712_008.jpeg	近畿
200718	155	金閣寺 @ 京都 200718	img/200718_001.jpeg	近畿
200718	156	金閣寺 @ 京都 200718	img/200718_002.jpeg	近畿
200718	157	金閣寺 @ 京都 200718	img/200718_003.jpeg	近畿
200718	158	金閣寺 @ 京都 200718	img/200718_004.jpeg	近畿
200718	159	金閣寺 @ 京都 200718	img/200718_005.jpeg	近畿
200718	160	金閣寺 @ 京都 200718	img/200718_006.jpeg	近畿
201003	161	平安神宮 @ 京都 201003	img/201003_001.jpeg	近畿
201003	162	平安神宮 @ 京都 201003	img/201003_002.jpeg	近畿
210530	163	下鴨神社 @ 京都 210530	img/210530_001.jpeg	近畿
210811	164	東大寺 @ 奈良 210811	img/210811_013.jpeg	近畿
210811	165	東大寺 @ 奈良 210811	img/210811_014.jpeg	近畿
210811	166	東大寺 @ 奈良 210811	img/210811_015.jpeg	近畿
210811	167	東大寺 @ 奈良 210811	img/210811_001.jpeg	近畿
210811	168	東大寺 @ 奈良 210811	img/210811_002.jpeg	近畿
210811	169	東大寺 @ 奈良 210811	img/210811_003.jpeg	近畿
210811	170	東大寺 @ 奈良 210811	img/210811_004.jpeg	近畿
210811	171	東大寺 @ 奈良 210811	img/210811_005.jpeg	近畿
210811	172	東大寺 @ 奈良 210811	img/210811_006.jpeg	近畿
210811	173	東大寺茶廊葉風泰夢 @ 奈良 210811	img/210811_029.jpeg	近畿
210811	174	薬師寺 @ 奈良 210811	img/210811_007.jpeg	近畿
210811	175	薬師寺 @ 奈良 210811	img/210811_008.jpeg	近畿
210811	176	薬師寺 @ 奈良 210811	img/210811_009.jpeg	近畿
210811	177	薬師寺 @ 奈良 210811	img/210811_010.jpeg	近畿
210811	178	薬師寺 @ 奈良 210811	img/210811_011.jpeg	近畿
210811	179	薬師寺 @ 奈良 210811	img/210811_012.jpeg	近畿
210811	180	薬師寺玄奘三蔵院 @ 奈良 210811	img/210811_025.jpeg	近畿
210811	181	薬師寺玄奘三蔵院 @ 奈良 210811	img/210811_026.jpeg	近畿
210811	182	薬師寺玄奘三蔵院 @ 奈良 210811	img/210811_027.jpeg	近畿
210811	183	薬師寺玄奘三蔵院 @ 奈良 210811	img/210811_028.jpeg	近畿
210811	184	薬師寺菩提樹 @ 奈良 210811	img/210811_024.jpeg	近畿
210811	185	奈良の鹿 @ 奈良 210811	img/210811_016.jpeg	近畿
210811	186	奈良の鹿 @ 奈良 210811	img/210811_017.jpeg	近畿
210811	187	奈良の鹿 @ 奈良 210811	img/210811_019.jpeg	近畿
210811	188	奈良の鹿 @ 奈良 210811	img/210811_020.jpeg	近畿
210811	189	奈良の鹿 @ 奈良 210811	img/210811_022.jpeg	近畿
210811	190	春日大社 @ 奈良 210811	img/210811_021.jpeg	近畿
210811	191	唐招提寺 @ 奈良 210811	img/210811_018.jpeg	近畿
210811	192	ならや釜めし @ 奈良 210811	img/210811_023.jpeg	近畿
210919	193	東寺 @ 京都 210919	img/210919_001.jpeg	近畿
210919	194	東寺 @ 京都 210919	img/210919_002.jpeg	近畿
210919	195	東寺 @ 京都 210919	img/210919_003.jpeg	近畿
210919	196	東寺 @ 京都 210919	img/210919_004.jpeg	近畿
210919	197	東寺 @ 京都 210919	img/210919_005.jpeg	近畿
210919	198	清水寺 @ 京都 210919	img/210919_006.jpeg	近畿
210919	199	清水寺 @ 京都 210919	img/210919_007.jpeg	近畿
210919	200	清水寺 @ 京都 210919	img/210919_008.jpeg	近畿
220428	201	平等院鳳凰堂 @ 京都 220428	img/220428_001.jpeg	近畿
220428	202	平等院鳳凰堂 @ 京都 220428	img/220428_002.jpeg	近畿
220529	203	熊野古道 @ 和歌山 220529	img/220529_001.jpeg	近畿
220529	204	熊野古道 @ 和歌山 220529	img/220529_002.jpeg	近畿
220529	205	熊野古道 @ 和歌山 220529	img/220529_003.jpeg	近畿
220529	206	熊野神社 @ 和歌山 220529	img/220529_004.jpeg	近畿
220529	207	熊野神社 @ 和歌山 220529	img/220529_005.jpeg	近畿
220810	208	伊勢神宮 @ 三重 220810	img/220810_001.jpeg	近畿
220810	209	伊勢神宮 @ 三重 220810	img/220810_002.jpeg	近畿
220810	210	伊勢神宮 @ 三重 220810	img/220810_003.jpeg	近畿
220810	211	伊勢神宮 @ 三重 220810	img/220810_004.jpeg	近畿
220810	212	伊勢神宮 @ 三重 220810	img/220810_005.jpeg	近畿
220810	213	ゑびやお伊勢さんのご馳走定食 @ 三重 220810	img/220810_007.jpeg	近畿
220810	214	ゑびや鮑串 @ 三重 220810	img/220810_006.jpeg	近畿
220812	215	比叡山延暦寺 @ 滋賀 220812	img/220812_001.jpeg	近畿
220812	216	比叡山延暦寺 @ 滋賀 220812	img/220812_002.jpeg	近畿
220812	217	比叡山延暦寺 @ 滋賀 220812	img/220812_003.jpeg	近畿
220812	218	比叡山延暦寺 @ 滋賀 220812	img/220812_004.jpeg	近畿
220812	219	比叡山延暦寺 @ 滋賀 220812	img/220812_005.jpeg	近畿
220812	220	比叡山延暦寺 @ 滋賀 220812	img/220812_006.jpeg	近畿
220812	221	峰道レストラン湖の御膳 @ 滋賀 220812	img/220812_007.jpeg	近畿
220924	222	家前の小道 @ 京都 220924	img/220924_004.jpeg	近畿
230105	223	鴨川 @ 京都 230105	img/230105_001.jpeg	近畿
221008	224	道後温泉駅 @ 愛媛 221008	img/221008_013.jpeg	四国
221008	225	道後温泉駅前 @ 愛媛 221008	img/221008_016.jpeg	四国
221008	226	道後温泉又新殿 @ 愛媛 221008	img/221008_031.jpeg	四国
221008	227	道後温泉又新殿 @ 愛媛 221008	img/221008_025.jpeg	四国
221008	228	道後温泉又新殿 @ 愛媛 221008	img/221008_026.jpeg	四国
221008	229	道後温泉又新殿 @ 愛媛 221008	img/221008_027.jpeg	四国
221008	230	道後温泉又新殿 @ 愛媛 221008	img/221008_028.jpeg	四国
221008	231	道後温泉又新殿 @ 愛媛 221008	img/221008_029.jpeg	四国
221008	232	道後温泉又新殿 @ 愛媛 221008	img/221008_030.jpeg	四国
221008	233	太刀魚巻き @ 愛媛 221008	img/221008_014.jpeg	四国
221008	234	坊っちゃん列車 @ 愛媛 221008	img/221008_017.jpeg	四国
221008	235	坊っちゃん列車 @ 愛媛 221008	img/221008_018.jpeg	四国
221008	236	坊っちゃん列車 @ 愛媛 221008	img/221008_020.jpeg	四国
221008	237	坊っちゃん列車 @ 愛媛 221008	img/221008_021.jpeg	四国
221008	238	坊っちゃん列車乗車券 @ 愛媛 221008	img/221008_032.jpeg	四国
221008	239	かどや鯛めし @ 愛媛 221008	img/221008_022.jpeg	四国
221008	240	かどや鯛めし @ 愛媛 221008	img/221008_023.jpeg	四国
221008	241	かどや鯛めし @ 愛媛 221008	img/221008_024.jpeg	四国
221008	242	予土線 @ 高知 221008	img/221008_001.jpeg	四国
221008	243	満洲軒 @ 高知 221008	img/221008_002.jpeg	四国
221008	244	ジャン麺 @ 高知 221008	img/221008_015.jpeg	四国
221008	245	美馬旅館 @ 高知 221008	img/221008_007.jpeg	四国
221008	246	美馬旅館 @ 高知 221008	img/221008_008.jpeg	四国
221008	247	美馬旅館 @ 高知 221008	img/221008_010.jpeg	四国
221008	248	美馬旅館 @ 高知 221008	img/221008_011.jpeg	四国
221008	249	美馬旅館 @ 高知 221008	img/221008_012.jpeg	四国
221008	250	美馬旅館 @ 高知 221008	img/221008_003.jpeg	四国
221008	251	美馬旅館 @ 高知 221008	img/221008_004.jpeg	四国
221008	252	美馬旅館 @ 高知 221008	img/221008_005.jpeg	四国
221008	253	美馬旅館 @ 高知 221008	img/221008_006.jpeg	四国
221009	254	桂浜 @ 高知 221009	img/221009_001.jpeg	四国
221009	255	自由民権運動記念館 @ 高知 221009	img/221009_007.jpeg	四国
221009	256	高知駅さば寿司 @ 高知 221009	img/221009_005.jpeg	四国
221009	257	高知駅さば寿司 @ 高知 221009	img/221009_006.jpeg	四国
221009	258	藍よしのがわトロッコ @ 高知 221009	img/221009_009.jpeg	四国
221009	259	藍よしのがわトロッコ @ 高知 221009	img/221009_010.jpeg	四国
221009	260	藍よしのがわトロッコ @ 高知 221009	img/221009_011.jpeg	四国
221009	261	はやし別館 @ 徳島 221009	img/221009_003.jpeg	四国
221009	262	はやし別館 @ 徳島 221009	img/221009_004.jpeg	四国
221009	263	はやし別館 @ 徳島 221009	img/221009_002.jpeg	四国
221009	264	高知駅土佐かつおめし @ 高知 221009	img/221009_008.jpeg	四国
221010	265	板野駅 @ 徳島 221010	img/221010_001.jpeg	四国
221010	266	板野駅 @ 徳島 221010	img/221010_002.jpeg	四国
221010	267	鳴門市ドイツ館 @ 徳島 221010	img/221010_007.jpeg	四国
221010	268	鳴門市ドイツ館 @ 徳島 221010	img/221010_008.jpeg	四国
221010	269	鳴門市ドイツ館 @ 徳島 221010	img/221010_009.jpeg	四国
200919	270	熱田神宮 @ 愛知 200919	img/200919_001.jpeg	中部
200919	271	熱田神宮 @ 愛知 200919	img/200919_002.jpeg	中部
200919	272	熱田神宮 @ 愛知 200919	img/200919_003.jpeg	中部
200919	273	熱田神宮 @ 愛知 200919	img/200919_004.jpeg	中部
200919	274	宮きしめん @ 愛知 200919	img/200919_005.jpeg	中部
200919	275	南極観測船ふじ @ 愛知 200919	img/200919_006.jpeg	中部
200919	276	南極観測船ふじ @ 愛知 200919	img/200919_007.jpeg	中部
200919	277	南極観測船ふじ @ 愛知 200919	img/200919_008.jpeg	中部
200919	278	南極観測船ふじ @ 愛知 200919	img/200919_009.jpeg	中部
200919	279	蓬莱軒ひつまぶし @ 愛知 200919	img/200919_010.jpeg	中部
200919	280	蓬莱軒ひつまぶし @ 愛知 200919	img/200919_011.jpeg	中部
200919	281	蓬莱軒ひつまぶし @ 愛知 200919	img/200919_012.jpeg	中部
200919	282	蓬莱軒ひつまぶし @ 愛知 200919	img/200919_013.jpeg	中部
200920	283	名古屋城 @ 愛知 200920	img/200920_001.jpeg	中部
200920	284	名古屋城 @ 愛知 200920	img/200920_002.jpeg	中部
200920	285	名古屋城 @ 愛知 200920	img/200920_003.jpeg	中部
200920	286	名古屋城 @ 愛知 200920	img/200920_004.jpeg	中部
200920	287	名古屋城 @ 愛知 200920	img/200920_005.jpeg	中部
200920	288	名古屋城 @ 愛知 200920	img/200920_006.jpeg	中部
200920	289	名古屋城 @ 愛知 200920	img/200920_007.jpeg	中部
200920	290	名古屋城二の丸茶亭 @ 愛知 200920	img/200920_008.jpeg	中部
220814	291	関ヶ原駅 @ 岐阜 220814	img/220814_001.jpeg	中部
220922	292	恐竜博物館 @ 福井 220922	img/220922_010.jpeg	中部
220922	293	恐竜博物館 @ 福井 220922	img/220922_011.jpeg	中部
220922	294	恐竜博物館 @ 福井 220922	img/220922_012.jpeg	中部
220922	295	ヨーロッパ軒ソースカツ丼 @ 富山 220922	img/220922_013.jpeg	中部
220922	296	兼六園 @ 石川 220922	img/220922_001.jpeg	中部
220922	297	兼六園 @ 石川 220922	img/220922_002.jpeg	中部
220922	298	兼六園 @ 石川 220922	img/220922_003.jpeg	中部
220922	299	兼六園 @ 石川 220922	img/220922_004.jpeg	中部
220922	300	兼六園 @ 石川 220922	img/220922_005.jpeg	中部
220922	301	兼六園 @ 石川 220922	img/220922_006.jpeg	中部
220922	302	兼六園 @ 石川 220922	img/220922_007.jpeg	中部
220922	303	兼六園 @ 石川 220922	img/220922_008.jpeg	中部
220922	304	加賀屋 @ 石川 220922	img/220922_009.jpeg	中部
220923	305	富山駅押し寿司 @ 富山 220923	img/220923_015.jpeg	中部
220923	306	富山駅押し寿司 @ 富山 220923	img/220923_016.jpeg	中部
220923	307	富山駅押し寿司 @ 富山 220923	img/220923_017.jpeg	中部
220923	308	立山 @ 富山 220923	img/220923_001.jpeg	中部
220923	309	立山 @ 富山 220923	img/220923_002.jpeg	中部
220923	310	立山 @ 富山 220923	img/220923_003.jpeg	中部
220923	311	立山 @ 富山 220923	img/220923_004.jpeg	中部
220923	312	室堂立山そば @ 富山 220923	img/220923_014.jpeg	中部
220923	313	黒部ダム @ 富山 220923	img/220923_007.jpeg	中部
220923	314	黒部ダム @ 富山 220923	img/220923_008.jpeg	中部
220923	315	黒部ダム @ 富山 220923	img/220923_011.jpeg	中部
220923	316	黒部ダム @ 富山 220923	img/220923_012.jpeg	中部
220923	317	黒部ダム @ 富山 220923	img/220923_013.jpeg	中部
220923	318	穂高駅 @ 長野 220923	img/220923_006.jpeg	中部
220923	319	「台湾」料理紅葉 @ 長野 220923	img/220923_018.jpeg	中部
220924	320	大王窟 @ 長野 220924	img/220924_003.jpeg	中部
220924	321	大王窟 @ 長野 220924	img/220924_013.jpeg	中部
220924	322	彼岸花 @ 長野 220924	img/220924_002.jpeg	中部
220924	323	わさび丼 @ 長野 220924	img/220924_008.jpeg	中部
220924	324	わさび丼 @ 長野 220924	img/220924_005.jpeg	中部
220924	325	わさび丼 @ 長野 220924	img/220924_006.jpeg	中部
220924	326	わさびソフト @ 長野 220924	img/220924_010.jpeg	中部
220924	327	松本城 @ 長野 220924	img/220924_001.jpeg	中部
220924	328	旧制高校記念館 @ 長野 220924	img/220924_009.jpeg	中部
170220	329	芸北スキー場 @ 広島 170220	img/170220_001.jpeg	中国
170220	330	芸北スキー場 @ 広島 170220	img/170220_002.jpeg	中国
220430	331	原爆ドーム @ 広島 220430	img/220430_005.jpeg	中国
220430	332	原爆ドーム @ 広島 220430	img/220430_006.jpeg	中国
220430	333	原爆ドーム @ 広島 220430	img/220430_007.jpeg	中国
220430	334	広島城 @ 広島 220430	img/220430_002.jpeg	中国
220430	335	升盛り @ 広島 220430	img/220430_003.jpeg	中国
220430	336	呉港 @ 広島 220430	img/220430_001.jpeg	中国
220430	337	アレイからすこじま @ 広島 220430	img/220430_008.jpeg	中国
220430	338	アレイからすこじま @ 広島 220430	img/220430_009.jpeg	中国
220430	339	アレイからすこじま @ 広島 220430	img/220430_010.jpeg	中国
220430	340	瀬戸内海汽船 @ 広島 220430	img/220430_004.jpeg	中国
220501	341	海軍兵学校 @ 広島 220501	img/220501_001.jpeg	中国
220501	342	海軍兵学校 @ 広島 220501	img/220501_002.jpeg	中国
220501	343	海軍兵学校 @ 広島 220501	img/220501_003.jpeg	中国
220501	344	海軍兵学校 @ 広島 220501	img/220501_004.jpeg	中国
220501	345	海軍兵学校 @ 広島 220501	img/220501_005.jpeg	中国
220501	346	海軍兵学校 @ 広島 220501	img/220501_006.jpeg	中国
220501	347	海軍兵学校 @ 広島 220501	img/220501_007.jpeg	中国
220716	348	鳥取砂丘 @ 鳥取 220716	img/220716_005.jpeg	中国
220716	349	鳥取砂丘 @ 鳥取 220716	img/220716_006.jpeg	中国
220716	350	鳥取砂丘 @ 鳥取 220716	img/220716_007.jpeg	中国
220716	351	鳥取砂丘 @ 鳥取 220716	img/220716_008.jpeg	中国
220716	352	鳥取砂丘会館和牛うどん @ 鳥取 220716	img/220716_014.jpeg	中国
220716	353	由良駅 @ 鳥取 220716	img/220716_001.jpeg	中国
220716	354	由良駅 @ 鳥取 220716	img/220716_002.jpeg	中国
220716	355	由良駅 @ 鳥取 220716	img/220716_003.jpeg	中国
220716	356	由良駅 @ 鳥取 220716	img/220716_004.jpeg	中国
220716	357	北栄町マンホール @ 鳥取 220716	img/220716_009.jpeg	中国
220716	358	青山剛昌ふるさと館 @ 鳥取 220716	img/220716_010.jpeg	中国
220716	359	青山剛昌ふるさと館 @ 鳥取 220716	img/220716_011.jpeg	中国
220716	360	青山剛昌ふるさと館 @ 鳥取 220716	img/220716_012.jpeg	中国
220716	361	コナン大橋ガス灯 @ 鳥取 220716	img/220716_013.jpeg	中国
220717	362	出雲そば @ 島根 220717	img/220717_009.jpeg	中国
220717	363	出雲大社 @ 島根 220717	img/220717_001.jpeg	中国
220717	364	出雲大社 @ 島根 220717	img/220717_002.jpeg	中国
220717	365	出雲大社 @ 島根 220717	img/220717_003.jpeg	中国
220717	366	出雲大社 @ 島根 220717	img/220717_004.jpeg	中国
220717	367	出雲大社 @ 島根 220717	img/220717_005.jpeg	中国
220717	368	出雲大社 @ 島根 220717	img/220717_006.jpeg	中国
220717	369	出雲大社 @ 島根 220717	img/220717_007.jpeg	中国
220717	370	出雲大社 @ 島根 220717	img/220717_008.jpeg	中国
220717	371	出雲市駅カニ寿し @ 島根 220717	img/220717_014.jpeg	中国
220717	372	出雲市駅カニ寿し @ 島根 220717	img/220717_015.jpeg	中国
220717	373	愛新覚羅社 @ 山口 220717	img/220717_010.jpeg	中国
220717	374	愛新覚羅社 @ 山口 220717	img/220717_011.jpeg	中国
220717	375	愛新覚羅社 @ 山口 220717	img/220717_012.jpeg	中国
220717	376	愛新覚羅社 @ 山口 220717	img/220717_013.jpeg	中国
220717	377	黒豚ねぎしゃぶ膳 @ 山口 220717	img/220717_016.jpeg	中国
220718	378	引接寺 @ 山口 220718	img/220718_006.jpeg	中国
220718	379	李鴻章道 @ 山口 220718	img/220718_019.jpeg	中国
220718	380	春帆楼 @ 山口 220718	img/220718_003.jpeg	中国
220718	381	春帆楼 @ 山口 220718	img/220718_004.jpeg	中国
220718	382	春帆楼 @ 山口 220718	img/220718_001.jpeg	中国
220718	383	春帆楼 @ 山口 220718	img/220718_002.jpeg	中国
220718	384	春帆楼 @ 山口 220718	img/220718_008.jpeg	中国
220718	385	春帆楼 @ 山口 220718	img/220718_007.jpeg	中国
220718	386	春帆楼 @ 山口 220718	img/220718_005.jpeg	中国
220718	387	赤間神宮 @ 山口 220718	img/220718_009.jpeg	中国
220718	388	赤間神宮 @ 山口 220718	img/220718_010.jpeg	中国
220718	389	大連神社 @ 山口 220718	img/220718_011.jpeg	中国
220718	390	大連神社 @ 山口 220718	img/220718_012.jpeg	中国
220718	391	関門海峡 @ 山口 220718	img/220718_013.jpeg	中国
220718	392	関門海峡 @ 山口 220718	img/220718_014.jpeg	中国
220718	393	関門海峡 @ 山口 220718	img/220718_015.jpeg	中国
220718	394	関門海峡 @ 山口 220718	img/220718_016.jpeg	中国
220718	395	関門海峡 @ 山口 220718	img/220718_017.jpeg	中国
220718	396	関門海峡 @ 山口 220718	img/220718_018.jpeg	中国
220718	397	春帆楼ふくづくし御膳 @ 山口 220718	img/220718_020.jpeg	中国
221010	398	吉備津神社 @ 岡山 221010	img/221010_003.jpeg	中国
221010	399	吉備津神社 @ 岡山 221010	img/221010_004.jpeg	中国
221010	400	吉備津神社 @ 岡山 221010	img/221010_005.jpeg	中国
221010	401	吉備津神社 @ 岡山 221010	img/221010_006.jpeg	中国
